iter	MultiClass
0	1.343793714
1	1.32162676
2	1.286873592
3	1.259977519
4	1.229435246
